Name, Sequence, Source
="Ac1",="qpsaqqgasvetstqasvsgdvdsswtalggpsfsapvvdsgiqsss",="(1)"
="Ac2",="qpsaqqgasvetstqasvsgdvdsswaalggpsfsapvvdsgiqsss",="(1)"
="Ac3",="qpsaqqgagveasaqasvsginsswgalggpsfsapvvgsgiqps",="(1)"
="Ac4",="qpsaqqgtgvetssgqssvstpvsginsswgalggpsfsapvvgsgtqps",="(1)"
="Ac5",="qpsaqqgtgveassgqssvstpvsginsswgalggpsfsapvvgsgiqps",="(1)"
="Ac6",="qpsaqqgtgvetssgqssvstpvsginsswgalggpsfsapvvgsgiqps",="(1)"
="Ac7",="qpgaqqgagvetstqasvsginsswgalggpsfsapvvgsgiqsss",="(1)"
="Ac8",="qpgaqqgagvetstqasvsginsswgalggpsfsapvvgsgiqps",="(1)"
="Ac9",="qpgaqqgagvetstqasvsginsswgalggpsfsvpvvgsgiqsss",="(1)"
="Ac10",="qpsaqqgvgtsgtqasvsvcvdsswgalggpsfsapvvdsgiqps",="(1)"
="Ac11",="qpgaqqgagvetstqasvsgidsswgalggpsfsapvvgsgiqsss",="(1)"
="Ac12",="qpsaqqgasvetstqasvsggvdsswtalggpsfsapvvdsgiqss",="(1)"
="Ac13",="qpsaqqgasvetstqasvsggvdsswtalggpsfsapvvdsdsqss",="(1)"
="Ac14",="qpsaqqgasvetstrasvsgdvdsswaalggpsfsapvvdsgiqsss",="(1)"
="Ac15",="qpsaqqgasvetstpasvsgdvdsswaafggpsfsapvvdsgiqsss",="(1)"
="Ac16",="qpsaqqgasvetstrasvsgdvdsswaafggpsfsapvvdsgiqsss",="(1)"
="Ac17",="qpgaqqgtgveasaqasvsginsswgalggpsfsapvvgsgiqsss",="(1)"
="Ac18",="qpstqqgtgvetssgqssvstpvsginsswgalggpsfsapvvgsgiqsss",="(1)"
="Ac19",="qpsaqqgaggetstqdsvsginsswgalggpsfsapvvgsgiqsss",="(1)"
="Ac20",="qpsaqqgvgtsgtqasvsggvgsswgalggpsfsapvvdfgiqsss",="(1)"
="Ac21",="qpsaqqgvgtsgtqasvsvcvdsswgalggpsfsapvvdfgiqsss",="(1)"
="Ac22",="qpsaqqgasvetstqasvsgdvdsswaalggpsfsapvvdsgiqps",="(1)"
="Ac23",="qpgaqqsagvetstqasvsggvdsswgslggasfsapvvgsgiqssg",="(1)"
="Ac24",="qpgaqqgtgvetssgqssvstpvsginsswgalggpsfsapvigsgiqssg",="(1)"
="Ac25",="qpgaqqgtgvetssgqssvstpvsginsswgalggpsfsapvvgsgiqssg",="(1)"
="Ac26",="qpsaqqgasvetstrasvsgdvdsswtalggpsfsapvvdsgiqsss",="(1)"
="Ac27",="qpsaqqgasvetstqasvsggvdsswgalggpsfsapvvdsdsqss",="(1)"
="Ac28",="qpsaqqcasvetstqasvsgdvdsswaalggpsfsapvvdsgiqsss",="(1)"
="Ac29",="qpgaqqgtgvetssgqssvstpvsginsswgalggpsfsapvvgsgiqps",="(1)"
="Ac30",="qpgaqqgagvgtstqasvsggvdsswgslggasfsapvvgsgiqssg",="(1)"
="Ac31",="qpgaqqgagvetstqasvsginsswgalggpsfsalvvgsgiqsss",="(1)"
="Ac32",="qpsaqqgvgtsgtqasvsvgvdsswgalggpsfsapvvdfgiqsss",="(1)"
="Ac33",="qpsaqqgtgvetssgqssvstpvsginsswgalggpsfsapvvgsgiqsss",="(1)"
="Ac34",="qpgaqqgtgvetstqasvsggvdsswgslggaafsvvgssqvgsqss",="(1)"
="Ac35",="qpsaqqgtgvetsaqasvsggvdsswgalggaafsvvgssqvgsqssv",="(1)"
="Ac36T",="stpvsginsswgalggpsfsapvvgsgiqps",="(1)"
="Ac37T",="qpstpvsginsswgalggpsfsapvvgsgiqps",="(1)"
="Ac38",="qpstqqgtgvetstqasvsggvdsswgslggaafsvvgssqvgsqssv",="(1)"
="Ac39T",="stpvsginsswgalggpsfsvplvgsgiqssg",="(1)"
="Ac40T",="stpvsginsswgalggpsfsapvvgsgiqssg",="(1)"
="Ac41T",="stpvsginsswgalggpsfsapvigsgiqssg",="(1)"
="Ac42",="qpgaqqsagvetstqasvsggvdsswgslggaafsvvgssqvgsqssv",="(1)"
="Ac43",="qpgaqqgtgveasaqasvsginsswgalggpsfsapvvgsgiqps",="(1)"
="Ac44T",="stpvsginsswgalggpsfsaplvgsgiqssg",="(1)"
="Ac45",="qpgaqqgagvetstqasvsggvdsswgslggaafsvvgssqvgsqssv",="(1)"
="Ac46T",="stpvsginsswgalggpsfsapvvgsgiqsss",="(1)"
="Ac47",="qpgaqqgagvetstqasvsggvdsswgalggpsfsapvvgsgiqps",="(1)"

ID, Source
"1","Published:
Characterization of Anaplasma marginale subspecies centrale strains using msp1aS genotyping reveals a wildlife reservoir.
Khumalo ZT, Catanese HN, Liesching N, Hove P, Collins NE, Chaisi ME, Gebremedhin AH, Oosthuizen MC, Brayton KA."
